Ethnic Group,Sex,State/Country,Year,Value ('000 Person)
 Total Ethnic Group,Total Sex,Malaysia,2020,33782.4
 Total Ethnic Group,Total Sex,Malaysia,2025,36022.7
 Total Ethnic Group,Total Sex,Malaysia,2030,38062.2
 Total Ethnic Group,Total Sex,Malaysia,2035,39879.3
 Total Ethnic Group,Total Sex,Malaysia,2040,41503.1
 Total Ethnic Group,Total Sex,Johor,2020,3926.5
 Total Ethnic Group,Total Sex,Johor,2025,4183.7
 Total Ethnic Group,Total Sex,Johor,2030,4411.8
 Total Ethnic Group,Total Sex,Johor,2035,4603.7
 Total Ethnic Group,Total Sex,Johor,2040,4758
 Total Ethnic Group,Total Sex,Pahang,2020,1750.1
 Total Ethnic Group,Total Sex,Pahang,2025,1864.6
 Total Ethnic Group,Total Sex,Pahang,2030,1964.5
 Total Ethnic Group,Total Sex,Pahang,2035,2046.9
 Total Ethnic Group,Total Sex,Pahang,2040,2113.3
 Total Ethnic Group,Total Sex,Kedah,2020,2267.5
 Total Ethnic Group,Total Sex,Kedah,2025,2421.7
 Total Ethnic Group,Total Sex,Kedah,2030,2560.6
 Total Ethnic Group,Total Sex,Kedah,2035,2675.5
 Total Ethnic Group,Total Sex,Kedah,2040,2773.8
 Total Ethnic Group,Total Sex,Kelantan,2020,1959.7
 Total Ethnic Group,Total Sex,Kelantan,2025,2154.8
 Total Ethnic Group,Total Sex,Kelantan,2030,2352.2
 Total Ethnic Group,Total Sex,Kelantan,2035,2545.1
 Total Ethnic Group,Total Sex,Kelantan,2040,2739
 Total Ethnic Group,Total Sex,Melaka,2020,960.5
 Total Ethnic Group,Total Sex,Melaka,2025,1021.3
 Total Ethnic Group,Total Sex,Melaka,2030,1072.5
 Total Ethnic Group,Total Sex,Melaka,2035,1114.6
 Total Ethnic Group,Total Sex,Melaka,2040,1150.8
 Total Ethnic Group,Total Sex,Negeri Sembilan,2020,1162.6
 Total Ethnic Group,Total Sex,Negeri Sembilan,2025,1210.9
 Total Ethnic Group,Total Sex,Negeri Sembilan,2030,1250.5
 Total Ethnic Group,Total Sex,Negeri Sembilan,2035,1279.9
 Total Ethnic Group,Total Sex,Negeri Sembilan,2040,1300.4
 Total Ethnic Group,Total Sex,Pulau Pinang,2020,1806.5
 Total Ethnic Group,Total Sex,Pulau Pinang,2025,1900.5
 Total Ethnic Group,Total Sex,Pulau Pinang,2030,1983.2
 Total Ethnic Group,Total Sex,Pulau Pinang,2035,2053.6
 Total Ethnic Group,Total Sex,Pulau Pinang,2040,2113.9
 Total Ethnic Group,Total Sex,Perak,2020,2611.6
 Total Ethnic Group,Total Sex,Perak,2025,2713.5
 Total Ethnic Group,Total Sex,Perak,2030,2802
 Total Ethnic Group,Total Sex,Perak,2035,2868.2
 Total Ethnic Group,Total Sex,Perak,2040,2917.3
 Total Ethnic Group,Total Sex,Perlis,2020,264.7
 Total Ethnic Group,Total Sex,Perlis,2025,277.3
 Total Ethnic Group,Total Sex,Perlis,2030,286.5
 Total Ethnic Group,Total Sex,Perlis,2035,293.1
 Total Ethnic Group,Total Sex,Perlis,2040,298.5
 Total Ethnic Group,Total Sex,Selangor,2020,6715.6
 Total Ethnic Group,Total Sex,Selangor,2025,7193.1
 Total Ethnic Group,Total Sex,Selangor,2030,7620.4
 Total Ethnic Group,Total Sex,Selangor,2035,8022.6
 Total Ethnic Group,Total Sex,Selangor,2040,8406.8
 Total Ethnic Group,Total Sex,Terengganu,2020,1294.1
 Total Ethnic Group,Total Sex,Terengganu,2025,1416.5
 Total Ethnic Group,Total Sex,Terengganu,2030,1528.2
 Total Ethnic Group,Total Sex,Terengganu,2035,1625.5
 Total Ethnic Group,Total Sex,Terengganu,2040,1712.5
 Total Ethnic Group,Total Sex,Sabah,2020,4047
 Total Ethnic Group,Total Sex,Sabah,2025,4374.8
 Total Ethnic Group,Total Sex,Sabah,2030,4688.8
 Total Ethnic Group,Total Sex,Sabah,2035,4989
 Total Ethnic Group,Total Sex,Sabah,2040,5270.8
 Total Ethnic Group,Total Sex,Sarawak,2020,2907.5
 Total Ethnic Group,Total Sex,Sarawak,2025,3101
 Total Ethnic Group,Total Sex,Sarawak,2030,3285
 Total Ethnic Group,Total Sex,Sarawak,2035,3448
 Total Ethnic Group,Total Sex,Sarawak,2040,3589.1
 Total Ethnic Group,Total Sex,W.P. Kuala Lumpur,2020,1910.7
 Total Ethnic Group,Total Sex,W.P. Kuala Lumpur,2025,1978.5
 Total Ethnic Group,Total Sex,W.P. Kuala Lumpur,2030,2034.7
 Total Ethnic Group,Total Sex,W.P. Kuala Lumpur,2035,2083.1
 Total Ethnic Group,Total Sex,W.P. Kuala Lumpur,2040,2122.1
 Total Ethnic Group,Total Sex,W.P. Labuan,2020,103.1
 Total Ethnic Group,Total Sex,W.P. Labuan,2025,109.6
 Total Ethnic Group,Total Sex,W.P. Labuan,2030,115.4
 Total Ethnic Group,Total Sex,W.P. Labuan,2035,120.6
 Total Ethnic Group,Total Sex,W.P. Labuan,2040,124.8
 Total Ethnic Group,Total Sex,W.P. Putrajaya,2020,94.6
 Total Ethnic Group,Total Sex,W.P. Putrajaya,2025,100.8
 Total Ethnic Group,Total Sex,W.P. Putrajaya,2030,105.9
 Total Ethnic Group,Total Sex,W.P. Putrajaya,2035,109.7
 Total Ethnic Group,Total Sex,W.P. Putrajaya,2040,112.1
 Bumiputera,Total Sex,Malaysia,2020,21077.5
 Bumiputera,Total Sex,Malaysia,2025,22720.8
 Bumiputera,Total Sex,Malaysia,2030,24256.5
 Bumiputera,Total Sex,Malaysia,2035,25654.8
 Bumiputera,Total Sex,Malaysia,2040,26945.3
 Bumiputera,Total Sex,Johor,2020,2173
 Bumiputera,Total Sex,Johor,2025,2341.1
 Bumiputera,Total Sex,Johor,2030,2495.5
 Bumiputera,Total Sex,Johor,2035,2630.3
 Bumiputera,Total Sex,Johor,2040,2747.3
 Bumiputera,Total Sex,Pahang,2020,1325.3
 Bumiputera,Total Sex,Pahang,2025,1424.3
 Bumiputera,Total Sex,Pahang,2030,1511.1
 Bumiputera,Total Sex,Pahang,2035,1582.7
 Bumiputera,Total Sex,Pahang,2040,1640.7
 Bumiputera,Total Sex,Kedah,2020,1717.7
 Bumiputera,Total Sex,Kedah,2025,1846
 Bumiputera,Total Sex,Kedah,2030,1962
 Bumiputera,Total Sex,Kedah,2035,2058.7
 Bumiputera,Total Sex,Kedah,2040,2142.2
 Bumiputera,Total Sex,Kelantan,2020,1831.4
 Bumiputera,Total Sex,Kelantan,2025,2017.4
 Bumiputera,Total Sex,Kelantan,2030,2207.7
 Bumiputera,Total Sex,Kelantan,2035,2394.6
 Bumiputera,Total Sex,Kelantan,2040,2583.6
 Bumiputera,Total Sex,Melaka,2020,622.4
 Bumiputera,Total Sex,Melaka,2025,667.3
 Bumiputera,Total Sex,Melaka,2030,705.5
 Bumiputera,Total Sex,Melaka,2035,738.2
 Bumiputera,Total Sex,Melaka,2040,767.6
 Bumiputera,Total Sex,Negeri Sembilan,2020,663.4
 Bumiputera,Total Sex,Negeri Sembilan,2025,687.5
 Bumiputera,Total Sex,Negeri Sembilan,2030,706.7
 Bumiputera,Total Sex,Negeri Sembilan,2035,720
 Bumiputera,Total Sex,Negeri Sembilan,2040,728.5
 Bumiputera,Total Sex,Pulau Pinang,2020,767.8
 Bumiputera,Total Sex,Pulau Pinang,2025,826.6
 Bumiputera,Total Sex,Pulau Pinang,2030,879.9
 Bumiputera,Total Sex,Pulau Pinang,2035,928.6
 Bumiputera,Total Sex,Pulau Pinang,2040,974.1
 Bumiputera,Total Sex,Perak,2020,1457.1
 Bumiputera,Total Sex,Perak,2025,1529
 Bumiputera,Total Sex,Perak,2030,1594.6
 Bumiputera,Total Sex,Perak,2035,1646
 Bumiputera,Total Sex,Perak,2040,1686
 Bumiputera,Total Sex,Perlis,2020,227
 Bumiputera,Total Sex,Perlis,2025,237.6
 Bumiputera,Total Sex,Perlis,2030,245.2
 Bumiputera,Total Sex,Perlis,2035,250.6
 Bumiputera,Total Sex,Perlis,2040,255
 Bumiputera,Total Sex,Selangor,2020,3615.9
 Bumiputera,Total Sex,Selangor,2025,3935.4
 Bumiputera,Total Sex,Selangor,2030,4232.4
 Bumiputera,Total Sex,Selangor,2035,4522.8
 Bumiputera,Total Sex,Selangor,2040,4812.5
 Bumiputera,Total Sex,Terengganu,2020,1224.9
 Bumiputera,Total Sex,Terengganu,2025,1341.5
 Bumiputera,Total Sex,Terengganu,2030,1448.2
 Bumiputera,Total Sex,Terengganu,2035,1541.2
 Bumiputera,Total Sex,Terengganu,2040,1624.5
 Bumiputera,Total Sex,Sabah,2020,2417.8
 Bumiputera,Total Sex,Sabah,2025,2638.7
 Bumiputera,Total Sex,Sabah,2030,2858.8
 Bumiputera,Total Sex,Sabah,2035,3071.8
 Bumiputera,Total Sex,Sabah,2040,3275.4
 Bumiputera,Total Sex,Sarawak,2020,2068.8
 Bumiputera,Total Sex,Sarawak,2025,2223.3
 Bumiputera,Total Sex,Sarawak,2030,2372.3
 Bumiputera,Total Sex,Sarawak,2035,2506.6
 Bumiputera,Total Sex,Sarawak,2040,2625.2
 Bumiputera,Total Sex,W.P. Kuala Lumpur,2020,795.7
 Bumiputera,Total Sex,W.P. Kuala Lumpur,2025,825
 Bumiputera,Total Sex,W.P. Kuala Lumpur,2030,847.1
 Bumiputera,Total Sex,W.P. Kuala Lumpur,2035,865.3
 Bumiputera,Total Sex,W.P. Kuala Lumpur,2040,879.9
 Bumiputera,Total Sex,W.P. Labuan,2020,79.8
 Bumiputera,Total Sex,W.P. Labuan,2025,84.9
 Bumiputera,Total Sex,W.P. Labuan,2030,89.7
 Bumiputera,Total Sex,W.P. Labuan,2035,94
 Bumiputera,Total Sex,W.P. Labuan,2040,97.6
 Bumiputera,Total Sex,W.P. Putrajaya,2020,89.5
 Bumiputera,Total Sex,W.P. Putrajaya,2025,95.2
 Bumiputera,Total Sex,W.P. Putrajaya,2030,99.9
 Bumiputera,Total Sex,W.P. Putrajaya,2035,103.3
 Bumiputera,Total Sex,W.P. Putrajaya,2040,105.2
 Chinese,Total Sex,Malaysia,2020,6947
 Chinese,Total Sex,Malaysia,2025,7151.3
 Chinese,Total Sex,Malaysia,2030,7309.9
 Chinese,Total Sex,Malaysia,2035,7415.5
 Chinese,Total Sex,Malaysia,2040,7474.4
 Chinese,Total Sex,Johor,2020,1127
 Chinese,Total Sex,Johor,2025,1163.8
 Chinese,Total Sex,Johor,2030,1194.5
 Chinese,Total Sex,Johor,2035,1215.3
 Chinese,Total Sex,Johor,2040,1225.3
 Chinese,Total Sex,Pahang,2020,241.6
 Chinese,Total Sex,Pahang,2025,246.2
 Chinese,Total Sex,Pahang,2030,249.8
 Chinese,Total Sex,Pahang,2035,252.2
 Chinese,Total Sex,Pahang,2040,253.5
 Chinese,Total Sex,Kedah,2020,277.2
 Chinese,Total Sex,Kedah,2025,286.5
 Chinese,Total Sex,Kedah,2030,294.4
 Chinese,Total Sex,Kedah,2035,299.6
 Chinese,Total Sex,Kedah,2040,303.1
 Chinese,Total Sex,Kelantan,2020,59.2
 Chinese,Total Sex,Kelantan,2025,62.4
 Chinese,Total Sex,Kelantan,2030,65
 Chinese,Total Sex,Kelantan,2035,66.8
 Chinese,Total Sex,Kelantan,2040,68.3
 Chinese,Total Sex,Melaka,2020,227.5
 Chinese,Total Sex,Melaka,2025,235.2
 Chinese,Total Sex,Melaka,2030,240.5
 Chinese,Total Sex,Melaka,2035,243.2
 Chinese,Total Sex,Melaka,2040,243.8
 Chinese,Total Sex,Negeri Sembilan,2020,244.6
 Chinese,Total Sex,Negeri Sembilan,2025,253
 Chinese,Total Sex,Negeri Sembilan,2030,259.2
 Chinese,Total Sex,Negeri Sembilan,2035,262.7
 Chinese,Total Sex,Negeri Sembilan,2040,263.9
 Chinese,Total Sex,Pulau Pinang,2020,708.4
 Chinese,Total Sex,Pulau Pinang,2025,724.5
 Chinese,Total Sex,Pulau Pinang,2030,737
 Chinese,Total Sex,Pulau Pinang,2035,744.2
 Chinese,Total Sex,Pulau Pinang,2040,746.8
 Chinese,Total Sex,Perak,2020,739.7
 Chinese,Total Sex,Perak,2025,755.2
 Chinese,Total Sex,Perak,2030,766.2
 Chinese,Total Sex,Perak,2035,771.7
 Chinese,Total Sex,Perak,2040,773.3
 Chinese,Total Sex,Perlis,2020,20.1
 Chinese,Total Sex,Perlis,2025,20.7
 Chinese,Total Sex,Perlis,2030,21.1
 Chinese,Total Sex,Perlis,2035,21.4
 Chinese,Total Sex,Perlis,2040,21.5
 Chinese,Total Sex,Selangor,2020,1611.2
 Chinese,Total Sex,Selangor,2025,1663
 Chinese,Total Sex,Selangor,2030,1700.2
 Chinese,Total Sex,Selangor,2035,1727.7
 Chinese,Total Sex,Selangor,2040,1748
 Chinese,Total Sex,Terengganu,2020,30.2
 Chinese,Total Sex,Terengganu,2025,31.9
 Chinese,Total Sex,Terengganu,2030,33.1
 Chinese,Total Sex,Terengganu,2035,34
 Chinese,Total Sex,Terengganu,2040,34.7
 Chinese,Total Sex,Sabah,2020,322.1
 Chinese,Total Sex,Sabah,2025,333.3
 Chinese,Total Sex,Sabah,2030,341.8
 Chinese,Total Sex,Sabah,2035,347
 Chinese,Total Sex,Sabah,2040,349.5
 Chinese,Total Sex,Sarawak,2020,640.2
 Chinese,Total Sex,Sarawak,2025,666.3
 Chinese,Total Sex,Sarawak,2030,688.7
 Chinese,Total Sex,Sarawak,2035,704.8
 Chinese,Total Sex,Sarawak,2040,715.2
 Chinese,Total Sex,W.P. Kuala Lumpur,2020,685.9
 Chinese,Total Sex,W.P. Kuala Lumpur,2025,696.8
 Chinese,Total Sex,W.P. Kuala Lumpur,2030,705.5
 Chinese,Total Sex,W.P. Kuala Lumpur,2035,711.7
 Chinese,Total Sex,W.P. Kuala Lumpur,2040,714.1
 Chinese,Total Sex,W.P. Labuan,2020,11.5
 Chinese,Total Sex,W.P. Labuan,2025,12
 Chinese,Total Sex,W.P. Labuan,2030,12.3
 Chinese,Total Sex,W.P. Labuan,2035,12.6
 Chinese,Total Sex,W.P. Labuan,2040,12.8
 Chinese,Total Sex,W.P. Putrajaya,2020,0.6
 Chinese,Total Sex,W.P. Putrajaya,2025,0.6
 Chinese,Total Sex,W.P. Putrajaya,2030,0.6
 Chinese,Total Sex,W.P. Putrajaya,2035,0.7
 Chinese,Total Sex,W.P. Putrajaya,2040,0.7
 Indians,Total Sex,Malaysia,2020,2130.1
 Indians,Total Sex,Malaysia,2025,2217.3
 Indians,Total Sex,Malaysia,2030,2288.2
 Indians,Total Sex,Malaysia,2035,2339
 Indians,Total Sex,Malaysia,2040,2372.5
 Indians,Total Sex,Johor,2020,251.5
 Indians,Total Sex,Johor,2025,266
 Indians,Total Sex,Johor,2030,278.6
 Indians,Total Sex,Johor,2035,288.8
 Indians,Total Sex,Johor,2040,296.4
 Indians,Total Sex,Pahang,2020,68.1
 Indians,Total Sex,Pahang,2025,70.4
 Indians,Total Sex,Pahang,2030,72.4
 Indians,Total Sex,Pahang,2035,73.9
 Indians,Total Sex,Pahang,2040,75
 Indians,Total Sex,Kedah,2020,151.6
 Indians,Total Sex,Kedah,2025,158.9
 Indians,Total Sex,Kedah,2030,165.2
 Indians,Total Sex,Kedah,2035,169.8
 Indians,Total Sex,Kedah,2040,173.1
 Indians,Total Sex,Kelantan,2020,5.3
 Indians,Total Sex,Kelantan,2025,5.6
 Indians,Total Sex,Kelantan,2030,5.8
 Indians,Total Sex,Kelantan,2035,6
 Indians,Total Sex,Kelantan,2040,6.1
 Indians,Total Sex,Melaka,2020,54.9
 Indians,Total Sex,Melaka,2025,57.5
 Indians,Total Sex,Melaka,2030,59.7
 Indians,Total Sex,Melaka,2035,61.1
 Indians,Total Sex,Melaka,2040,61.9
 Indians,Total Sex,Negeri Sembilan,2020,162.4
 Indians,Total Sex,Negeri Sembilan,2025,168.9
 Indians,Total Sex,Negeri Sembilan,2030,174
 Indians,Total Sex,Negeri Sembilan,2035,177.4
 Indians,Total Sex,Negeri Sembilan,2040,179.5
 Indians,Total Sex,Pulau Pinang,2020,173.2
 Indians,Total Sex,Pulau Pinang,2025,180.6
 Indians,Total Sex,Pulau Pinang,2030,186.6
 Indians,Total Sex,Pulau Pinang,2035,190.6
 Indians,Total Sex,Pulau Pinang,2040,192.8
 Indians,Total Sex,Perak,2020,300.3
 Indians,Total Sex,Perak,2025,306.9
 Indians,Total Sex,Perak,2030,311.6
 Indians,Total Sex,Perak,2035,314.1
 Indians,Total Sex,Perak,2040,315.2
 Indians,Total Sex,Perlis,2020,3.3
 Indians,Total Sex,Perlis,2025,3.5
 Indians,Total Sex,Perlis,2030,3.6
 Indians,Total Sex,Perlis,2035,3.7
 Indians,Total Sex,Perlis,2040,3.8
 Indians,Total Sex,Selangor,2020,764.9
 Indians,Total Sex,Selangor,2025,798.2
 Indians,Total Sex,Selangor,2030,824.5
 Indians,Total Sex,Selangor,2035,843.5
 Indians,Total Sex,Selangor,2040,855.8
 Indians,Total Sex,Terengganu,2020,3
 Indians,Total Sex,Terengganu,2025,3.1
 Indians,Total Sex,Terengganu,2030,3.2
 Indians,Total Sex,Terengganu,2035,3.3
 Indians,Total Sex,Terengganu,2040,3.3
 Indians,Total Sex,Sabah,2020,11.8
 Indians,Total Sex,Sabah,2025,13
 Indians,Total Sex,Sabah,2030,14.3
 Indians,Total Sex,Sabah,2035,15.7
 Indians,Total Sex,Sabah,2040,16.9
 Indians,Total Sex,Sarawak,2020,8.3
 Indians,Total Sex,Sarawak,2025,8.6
 Indians,Total Sex,Sarawak,2030,9
 Indians,Total Sex,Sarawak,2035,9.2
 Indians,Total Sex,Sarawak,2040,9.4
 Indians,Total Sex,W.P. Kuala Lumpur,2020,169.1
 Indians,Total Sex,W.P. Kuala Lumpur,2025,173.4
 Indians,Total Sex,W.P. Kuala Lumpur,2030,176.7
 Indians,Total Sex,W.P. Kuala Lumpur,2035,178.9
 Indians,Total Sex,W.P. Kuala Lumpur,2040,179.7
 Indians,Total Sex,W.P. Labuan,2020,0.9
 Indians,Total Sex,W.P. Labuan,2025,1
 Indians,Total Sex,W.P. Labuan,2030,1.1
 Indians,Total Sex,W.P. Labuan,2035,1.1
 Indians,Total Sex,W.P. Labuan,2040,1.2
 Indians,Total Sex,W.P. Putrajaya,2020,1.5
 Indians,Total Sex,W.P. Putrajaya,2025,1.7
 Indians,Total Sex,W.P. Putrajaya,2030,1.8
 Indians,Total Sex,W.P. Putrajaya,2035,2
 Indians,Total Sex,W.P. Putrajaya,2040,2.1
 Others,Total Sex,Malaysia,2020,330.2
 Others,Total Sex,Malaysia,2025,384.3
 Others,Total Sex,Malaysia,2030,440.3
 Others,Total Sex,Malaysia,2035,498.6
 Others,Total Sex,Malaysia,2040,558.5
 Others,Total Sex,Johor,2020,24.2
 Others,Total Sex,Johor,2025,31
 Others,Total Sex,Johor,2030,38.4
 Others,Total Sex,Johor,2035,45.6
 Others,Total Sex,Johor,2040,51.8
 Others,Total Sex,Pahang,2020,7.8
 Others,Total Sex,Pahang,2025,8.7
 Others,Total Sex,Pahang,2030,9.6
 Others,Total Sex,Pahang,2035,10.5
 Others,Total Sex,Pahang,2040,11.4
 Others,Total Sex,Kedah,2020,22.6
 Others,Total Sex,Kedah,2025,24.6
 Others,Total Sex,Kedah,2030,26.6
 Others,Total Sex,Kedah,2035,28.6
 Others,Total Sex,Kedah,2040,30.6
 Others,Total Sex,Kelantan,2020,12.1
 Others,Total Sex,Kelantan,2025,13.1
 Others,Total Sex,Kelantan,2030,14.1
 Others,Total Sex,Kelantan,2035,15.2
 Others,Total Sex,Kelantan,2040,16.2
 Others,Total Sex,Melaka,2020,6.3
 Others,Total Sex,Melaka,2025,7.8
 Others,Total Sex,Melaka,2030,9.4
 Others,Total Sex,Melaka,2035,11.2
 Others,Total Sex,Melaka,2040,13.3
 Others,Total Sex,Negeri Sembilan,2020,6.1
 Others,Total Sex,Negeri Sembilan,2025,7.8
 Others,Total Sex,Negeri Sembilan,2030,9.8
 Others,Total Sex,Negeri Sembilan,2035,12.1
 Others,Total Sex,Negeri Sembilan,2040,14.3
 Others,Total Sex,Pulau Pinang,2020,6.1
 Others,Total Sex,Pulau Pinang,2025,6.9
 Others,Total Sex,Pulau Pinang,2030,7.8
 Others,Total Sex,Pulau Pinang,2035,8.6
 Others,Total Sex,Pulau Pinang,2040,9.5
 Others,Total Sex,Perak,2020,10.1
 Others,Total Sex,Perak,2025,10.8
 Others,Total Sex,Perak,2030,11.5
 Others,Total Sex,Perak,2035,12.2
 Others,Total Sex,Perak,2040,12.8
 Others,Total Sex,Perlis,2020,5.4
 Others,Total Sex,Perlis,2025,5.9
 Others,Total Sex,Perlis,2030,6.4
 Others,Total Sex,Perlis,2035,6.9
 Others,Total Sex,Perlis,2040,7.3
 Others,Total Sex,Selangor,2020,55.1
 Others,Total Sex,Selangor,2025,66.2
 Others,Total Sex,Selangor,2030,77.2
 Others,Total Sex,Selangor,2035,89.2
 Others,Total Sex,Selangor,2040,102
 Others,Total Sex,Terengganu,2020,2.9
 Others,Total Sex,Terengganu,2025,3.4
 Others,Total Sex,Terengganu,2030,4
 Others,Total Sex,Terengganu,2035,4.6
 Others,Total Sex,Terengganu,2040,5.3
 Others,Total Sex,Sabah,2020,138.7
 Others,Total Sex,Sabah,2025,159.4
 Others,Total Sex,Sabah,2030,180.5
 Others,Total Sex,Sabah,2035,202.1
 Others,Total Sex,Sabah,2040,225.1
 Others,Total Sex,Sarawak,2020,9.2
 Others,Total Sex,Sarawak,2025,10.5
 Others,Total Sex,Sarawak,2030,12
 Others,Total Sex,Sarawak,2035,13.4
 Others,Total Sex,Sarawak,2040,14.9
 Others,Total Sex,W.P. Kuala Lumpur,2020,21.8
 Others,Total Sex,W.P. Kuala Lumpur,2025,26.1
 Others,Total Sex,W.P. Kuala Lumpur,2030,30.8
 Others,Total Sex,W.P. Kuala Lumpur,2035,36
 Others,Total Sex,W.P. Kuala Lumpur,2040,41.5
 Others,Total Sex,W.P. Labuan,2020,1.7
 Others,Total Sex,W.P. Labuan,2025,1.8
 Others,Total Sex,W.P. Labuan,2030,1.9
 Others,Total Sex,W.P. Labuan,2035,2.1
 Others,Total Sex,W.P. Labuan,2040,2.2
 Others,Total Sex,W.P. Putrajaya,2020,0.1
 Others,Total Sex,W.P. Putrajaya,2025,0.2
 Others,Total Sex,W.P. Putrajaya,2030,0.2
 Others,Total Sex,W.P. Putrajaya,2035,0.2
 Others,Total Sex,W.P. Putrajaya,2040,0.3
 Non-Malaysian Citizens,Total Sex,Malaysia,2020,3297.6
 Non-Malaysian Citizens,Total Sex,Malaysia,2025,3549
 Non-Malaysian Citizens,Total Sex,Malaysia,2030,3767.3
 Non-Malaysian Citizens,Total Sex,Malaysia,2035,3971.3
 Non-Malaysian Citizens,Total Sex,Malaysia,2040,4152.4
 Non-Malaysian Citizens,Total Sex,Johor,2020,350.8
 Non-Malaysian Citizens,Total Sex,Johor,2025,381.9
 Non-Malaysian Citizens,Total Sex,Johor,2030,404.7
 Non-Malaysian Citizens,Total Sex,Johor,2035,423.8
 Non-Malaysian Citizens,Total Sex,Johor,2040,437.2
 Non-Malaysian Citizens,Total Sex,Pahang,2020,107.3
 Non-Malaysian Citizens,Total Sex,Pahang,2025,115
 Non-Malaysian Citizens,Total Sex,Pahang,2030,121.5
 Non-Malaysian Citizens,Total Sex,Pahang,2035,127.5
 Non-Malaysian Citizens,Total Sex,Pahang,2040,132.7
 Non-Malaysian Citizens,Total Sex,Kedah,2020,98.5
 Non-Malaysian Citizens,Total Sex,Kedah,2025,105.7
 Non-Malaysian Citizens,Total Sex,Kedah,2030,112.4
 Non-Malaysian Citizens,Total Sex,Kedah,2035,118.8
 Non-Malaysian Citizens,Total Sex,Kedah,2040,124.9
 Non-Malaysian Citizens,Total Sex,Kelantan,2020,51.7
 Non-Malaysian Citizens,Total Sex,Kelantan,2025,56.2
 Non-Malaysian Citizens,Total Sex,Kelantan,2030,59.6
 Non-Malaysian Citizens,Total Sex,Kelantan,2035,62.6
 Non-Malaysian Citizens,Total Sex,Kelantan,2040,64.8
 Non-Malaysian Citizens,Total Sex,Melaka,2020,49.4
 Non-Malaysian Citizens,Total Sex,Melaka,2025,53.6
 Non-Malaysian Citizens,Total Sex,Melaka,2030,57.4
 Non-Malaysian Citizens,Total Sex,Melaka,2035,60.9
 Non-Malaysian Citizens,Total Sex,Melaka,2040,64.2
 Non-Malaysian Citizens,Total Sex,Negeri Sembilan,2020,86.1
 Non-Malaysian Citizens,Total Sex,Negeri Sembilan,2025,93.7
 Non-Malaysian Citizens,Total Sex,Negeri Sembilan,2030,100.8
 Non-Malaysian Citizens,Total Sex,Negeri Sembilan,2035,107.6
 Non-Malaysian Citizens,Total Sex,Negeri Sembilan,2040,114.1
 Non-Malaysian Citizens,Total Sex,Pulau Pinang,2020,151
 Non-Malaysian Citizens,Total Sex,Pulau Pinang,2025,161.8
 Non-Malaysian Citizens,Total Sex,Pulau Pinang,2030,171.9
 Non-Malaysian Citizens,Total Sex,Pulau Pinang,2035,181.6
 Non-Malaysian Citizens,Total Sex,Pulau Pinang,2040,190.8
 Non-Malaysian Citizens,Total Sex,Perak,2020,104.4
 Non-Malaysian Citizens,Total Sex,Perak,2025,111.6
 Non-Malaysian Citizens,Total Sex,Perak,2030,118.1
 Non-Malaysian Citizens,Total Sex,Perak,2035,124.3
 Non-Malaysian Citizens,Total Sex,Perak,2040,130
 Non-Malaysian Citizens,Total Sex,Perlis,2020,8.8
 Non-Malaysian Citizens,Total Sex,Perlis,2025,9.6
 Non-Malaysian Citizens,Total Sex,Perlis,2030,10.1
 Non-Malaysian Citizens,Total Sex,Perlis,2035,10.6
 Non-Malaysian Citizens,Total Sex,Perlis,2040,10.9
 Non-Malaysian Citizens,Total Sex,Selangor,2020,668.5
 Non-Malaysian Citizens,Total Sex,Selangor,2025,730.3
 Non-Malaysian Citizens,Total Sex,Selangor,2030,786.2
 Non-Malaysian Citizens,Total Sex,Selangor,2035,839.4
 Non-Malaysian Citizens,Total Sex,Selangor,2040,888.4
 Non-Malaysian Citizens,Total Sex,Terengganu,2020,33.1
 Non-Malaysian Citizens,Total Sex,Terengganu,2025,36.6
 Non-Malaysian Citizens,Total Sex,Terengganu,2030,39.6
 Non-Malaysian Citizens,Total Sex,Terengganu,2035,42.4
 Non-Malaysian Citizens,Total Sex,Terengganu,2040,44.7
 Non-Malaysian Citizens,Total Sex,Sabah,2020,1156.7
 Non-Malaysian Citizens,Total Sex,Sabah,2025,1230.3
 Non-Malaysian Citizens,Total Sex,Sabah,2030,1293.5
 Non-Malaysian Citizens,Total Sex,Sabah,2035,1352.3
 Non-Malaysian Citizens,Total Sex,Sabah,2040,1404
 Non-Malaysian Citizens,Total Sex,Sarawak,2020,181.1
 Non-Malaysian Citizens,Total Sex,Sarawak,2025,192.3
 Non-Malaysian Citizens,Total Sex,Sarawak,2030,203.1
 Non-Malaysian Citizens,Total Sex,Sarawak,2035,213.9
 Non-Malaysian Citizens,Total Sex,Sarawak,2040,224.4
 Non-Malaysian Citizens,Total Sex,W.P. Kuala Lumpur,2020,238.1
 Non-Malaysian Citizens,Total Sex,W.P. Kuala Lumpur,2025,257.2
 Non-Malaysian Citizens,Total Sex,W.P. Kuala Lumpur,2030,274.6
 Non-Malaysian Citizens,Total Sex,W.P. Kuala Lumpur,2035,291.3
 Non-Malaysian Citizens,Total Sex,W.P. Kuala Lumpur,2040,306.8
 Non-Malaysian Citizens,Total Sex,W.P. Labuan,2020,9.2
 Non-Malaysian Citizens,Total Sex,W.P. Labuan,2025,9.9
 Non-Malaysian Citizens,Total Sex,W.P. Labuan,2030,10.4
 Non-Malaysian Citizens,Total Sex,W.P. Labuan,2035,10.8
 Non-Malaysian Citizens,Total Sex,W.P. Labuan,2040,11
 Non-Malaysian Citizens,Total Sex,W.P. Putrajaya,2020,2.9
 Non-Malaysian Citizens,Total Sex,W.P. Putrajaya,2025,3.1
 Non-Malaysian Citizens,Total Sex,W.P. Putrajaya,2030,3.3
 Non-Malaysian Citizens,Total Sex,W.P. Putrajaya,2035,3.5
 Non-Malaysian Citizens,Total Sex,W.P. Putrajaya,2040,3.7
 Total Ethnic Group,Male,Malaysia,2020,17535.8
 Total Ethnic Group,Male,Malaysia,2025,18702.1
 Total Ethnic Group,Male,Malaysia,2030,19764.6
 Total Ethnic Group,Male,Malaysia,2035,20713.1
 Total Ethnic Group,Male,Malaysia,2040,21562.7
 Total Ethnic Group,Male,Johor,2020,2083.6
 Total Ethnic Group,Male,Johor,2025,2218.8
 Total Ethnic Group,Male,Johor,2030,2338.9
 Total Ethnic Group,Male,Johor,2035,2440.3
 Total Ethnic Group,Male,Johor,2040,2522.1
 Total Ethnic Group,Male,Pahang,2020,933.4
 Total Ethnic Group,Male,Pahang,2025,992.8
 Total Ethnic Group,Male,Pahang,2030,1044.5
 Total Ethnic Group,Male,Pahang,2035,1087.5
 Total Ethnic Group,Male,Pahang,2040,1122.5
 Total Ethnic Group,Male,Kedah,2020,1153.4
 Total Ethnic Group,Male,Kedah,2025,1232.7
 Total Ethnic Group,Male,Kedah,2030,1304.5
 Total Ethnic Group,Male,Kedah,2035,1364.4
 Total Ethnic Group,Male,Kedah,2040,1416.5
 Total Ethnic Group,Male,Kelantan,2020,993.1
 Total Ethnic Group,Male,Kelantan,2025,1094.5
 Total Ethnic Group,Male,Kelantan,2030,1197.1
 Total Ethnic Group,Male,Kelantan,2035,1297.6
 Total Ethnic Group,Male,Kelantan,2040,1399
 Total Ethnic Group,Male,Melaka,2020,488.2
 Total Ethnic Group,Male,Melaka,2025,519.9
 Total Ethnic Group,Male,Melaka,2030,546.9
 Total Ethnic Group,Male,Melaka,2035,569.4
 Total Ethnic Group,Male,Melaka,2040,588.9
 Total Ethnic Group,Male,Negeri Sembilan,2020,605.8
 Total Ethnic Group,Male,Negeri Sembilan,2025,631.7
 Total Ethnic Group,Male,Negeri Sembilan,2030,653.2
 Total Ethnic Group,Male,Negeri Sembilan,2035,669.7
 Total Ethnic Group,Male,Negeri Sembilan,2040,682
 Total Ethnic Group,Male,Pulau Pinang,2020,912.4
 Total Ethnic Group,Male,Pulau Pinang,2025,961.1
 Total Ethnic Group,Male,Pulau Pinang,2030,1004.3
 Total Ethnic Group,Male,Pulau Pinang,2035,1041.5
 Total Ethnic Group,Male,Pulau Pinang,2040,1074
 Total Ethnic Group,Male,Perak,2020,1330.7
 Total Ethnic Group,Male,Perak,2025,1384.2
 Total Ethnic Group,Male,Perak,2030,1431
 Total Ethnic Group,Male,Perak,2035,1466.7
 Total Ethnic Group,Male,Perak,2040,1493.9
 Total Ethnic Group,Male,Perlis,2020,131.7
 Total Ethnic Group,Male,Perlis,2025,138.4
 Total Ethnic Group,Male,Perlis,2030,143.3
 Total Ethnic Group,Male,Perlis,2035,147
 Total Ethnic Group,Male,Perlis,2040,150
 Total Ethnic Group,Male,Selangor,2020,3516.1
 Total Ethnic Group,Male,Selangor,2025,3767.7
 Total Ethnic Group,Male,Selangor,2030,3992.9
 Total Ethnic Group,Male,Selangor,2035,4204
 Total Ethnic Group,Male,Selangor,2040,4403.9
 Total Ethnic Group,Male,Terengganu,2020,663.5
 Total Ethnic Group,Male,Terengganu,2025,726.5
 Total Ethnic Group,Male,Terengganu,2030,783.7
 Total Ethnic Group,Male,Terengganu,2035,833.4
 Total Ethnic Group,Male,Terengganu,2040,877.8
 Total Ethnic Group,Male,Sabah,2020,2122.9
 Total Ethnic Group,Male,Sabah,2025,2292.3
 Total Ethnic Group,Male,Sabah,2030,2454.7
 Total Ethnic Group,Male,Sabah,2035,2609.7
 Total Ethnic Group,Male,Sabah,2040,2755.3
 Total Ethnic Group,Male,Sarawak,2020,1514.1
 Total Ethnic Group,Male,Sarawak,2025,1612.8
 Total Ethnic Group,Male,Sarawak,2030,1706.1
 Total Ethnic Group,Male,Sarawak,2035,1788
 Total Ethnic Group,Male,Sarawak,2040,1858.2
 Total Ethnic Group,Male,W.P. Kuala Lumpur,2020,989.7
 Total Ethnic Group,Male,W.P. Kuala Lumpur,2025,1025.2
 Total Ethnic Group,Male,W.P. Kuala Lumpur,2030,1054.8
 Total Ethnic Group,Male,W.P. Kuala Lumpur,2035,1080.9
 Total Ethnic Group,Male,W.P. Kuala Lumpur,2040,1102.5
 Total Ethnic Group,Male,W.P. Labuan,2020,53
 Total Ethnic Group,Male,W.P. Labuan,2025,56.2
 Total Ethnic Group,Male,W.P. Labuan,2030,59.1
 Total Ethnic Group,Male,W.P. Labuan,2035,61.6
 Total Ethnic Group,Male,W.P. Labuan,2040,63.7
 Total Ethnic Group,Male,W.P. Putrajaya,2020,44.3
 Total Ethnic Group,Male,W.P. Putrajaya,2025,47.2
 Total Ethnic Group,Male,W.P. Putrajaya,2030,49.6
 Total Ethnic Group,Male,W.P. Putrajaya,2035,51.3
 Total Ethnic Group,Male,W.P. Putrajaya,2040,52.5
 Bumiputera,Male,Malaysia,2020,10665.2
 Bumiputera,Male,Malaysia,2025,11508.4
 Bumiputera,Male,Malaysia,2030,12294.8
 Bumiputera,Male,Malaysia,2035,13010
 Bumiputera,Male,Malaysia,2040,13669.5
 Bumiputera,Male,Johor,2020,1109.5
 Bumiputera,Male,Johor,2025,1196.3
 Bumiputera,Male,Johor,2030,1275.9
 Bumiputera,Male,Johor,2035,1345.4
 Bumiputera,Male,Johor,2040,1405.4
 Bumiputera,Male,Pahang,2020,685.2
 Bumiputera,Male,Pahang,2025,735.9
 Bumiputera,Male,Pahang,2030,780.2
 Bumiputera,Male,Pahang,2035,816.6
 Bumiputera,Male,Pahang,2040,846
 Bumiputera,Male,Kedah,2020,861.2
 Bumiputera,Male,Kedah,2025,926.7
 Bumiputera,Male,Kedah,2030,986
 Bumiputera,Male,Kedah,2035,1035.8
 Bumiputera,Male,Kedah,2040,1079.1
 Bumiputera,Male,Kelantan,2020,922.5
 Bumiputera,Male,Kelantan,2025,1019
 Bumiputera,Male,Kelantan,2030,1117.7
 Bumiputera,Male,Kelantan,2035,1214.9
 Bumiputera,Male,Kelantan,2040,1313.4
 Bumiputera,Male,Melaka,2020,309.1
 Bumiputera,Male,Melaka,2025,332.1
 Bumiputera,Male,Melaka,2030,351.8
 Bumiputera,Male,Melaka,2035,368.8
 Bumiputera,Male,Melaka,2040,384.1
 Bumiputera,Male,Negeri Sembilan,2020,334.9
 Bumiputera,Male,Negeri Sembilan,2025,347.2
 Bumiputera,Male,Negeri Sembilan,2030,357
 Bumiputera,Male,Negeri Sembilan,2035,364
 Bumiputera,Male,Negeri Sembilan,2040,368.7
 Bumiputera,Male,Pulau Pinang,2020,384.8
 Bumiputera,Male,Pulau Pinang,2025,415.5
 Bumiputera,Male,Pulau Pinang,2030,443.5
 Bumiputera,Male,Pulau Pinang,2035,469.1
 Bumiputera,Male,Pulau Pinang,2040,493.2
 Bumiputera,Male,Perak,2020,733.5
 Bumiputera,Male,Perak,2025,771.2
 Bumiputera,Male,Perak,2030,805.8
 Bumiputera,Male,Perak,2035,833.1
 Bumiputera,Male,Perak,2040,854.6
 Bumiputera,Male,Perlis,2020,112.9
 Bumiputera,Male,Perlis,2025,118.8
 Bumiputera,Male,Perlis,2030,123
 Bumiputera,Male,Perlis,2035,126.1
 Bumiputera,Male,Perlis,2040,128.7
 Bumiputera,Male,Selangor,2020,1842.3
 Bumiputera,Male,Selangor,2025,2007.3
 Bumiputera,Male,Selangor,2030,2159.7
 Bumiputera,Male,Selangor,2035,2307.8
 Bumiputera,Male,Selangor,2040,2454.1
 Bumiputera,Male,Terengganu,2020,623.6
 Bumiputera,Male,Terengganu,2025,683.5
 Bumiputera,Male,Terengganu,2030,738
 Bumiputera,Male,Terengganu,2035,785.3
 Bumiputera,Male,Terengganu,2040,827.7
 Bumiputera,Male,Sabah,2020,1220.9
 Bumiputera,Male,Sabah,2025,1332
 Bumiputera,Male,Sabah,2030,1442.7
 Bumiputera,Male,Sabah,2035,1549.5
 Bumiputera,Male,Sabah,2040,1651.4
 Bumiputera,Male,Sarawak,2020,1046.9
 Bumiputera,Male,Sarawak,2025,1125.3
 Bumiputera,Male,Sarawak,2030,1200.7
 Bumiputera,Male,Sarawak,2035,1268.4
 Bumiputera,Male,Sarawak,2040,1327.9
 Bumiputera,Male,W.P. Kuala Lumpur,2020,395
 Bumiputera,Male,W.P. Kuala Lumpur,2025,409.4
 Bumiputera,Male,W.P. Kuala Lumpur,2030,420.1
 Bumiputera,Male,W.P. Kuala Lumpur,2035,429
 Bumiputera,Male,W.P. Kuala Lumpur,2040,436.3
 Bumiputera,Male,W.P. Labuan,2020,41
 Bumiputera,Male,W.P. Labuan,2025,43.5
 Bumiputera,Male,W.P. Labuan,2030,45.9
 Bumiputera,Male,W.P. Labuan,2035,48
 Bumiputera,Male,W.P. Labuan,2040,49.7
 Bumiputera,Male,W.P. Putrajaya,2020,41.9
 Bumiputera,Male,W.P. Putrajaya,2025,44.5
 Bumiputera,Male,W.P. Putrajaya,2030,46.7
 Bumiputera,Male,W.P. Putrajaya,2035,48.3
 Bumiputera,Male,W.P. Putrajaya,2040,49.2
 Chinese,Male,Malaysia,2020,3567
 Chinese,Male,Malaysia,2025,3663.7
 Chinese,Male,Malaysia,2030,3736.3
 Chinese,Male,Malaysia,2035,3781.6
 Chinese,Male,Malaysia,2040,3802.7
 Chinese,Male,Johor,2020,589.4
 Chinese,Male,Johor,2025,607.3
 Chinese,Male,Johor,2030,622
 Chinese,Male,Johor,2035,631.4
 Chinese,Male,Johor,2040,635.4
 Chinese,Male,Pahang,2020,124.9
 Chinese,Male,Pahang,2025,126.4
 Chinese,Male,Pahang,2030,127.5
 Chinese,Male,Pahang,2035,128
 Chinese,Male,Pahang,2040,128.3
 Chinese,Male,Kedah,2020,141.2
 Chinese,Male,Kedah,2025,145.8
 Chinese,Male,Kedah,2030,149.7
 Chinese,Male,Kedah,2035,152.2
 Chinese,Male,Kedah,2040,153.9
 Chinese,Male,Kelantan,2020,30.9
 Chinese,Male,Kelantan,2025,32.5
 Chinese,Male,Kelantan,2030,33.8
 Chinese,Male,Kelantan,2035,34.7
 Chinese,Male,Kelantan,2040,35.5
 Chinese,Male,Melaka,2020,115.2
 Chinese,Male,Melaka,2025,119
 Chinese,Male,Melaka,2030,121.5
 Chinese,Male,Melaka,2035,122.8
 Chinese,Male,Melaka,2040,123
 Chinese,Male,Negeri Sembilan,2020,126.4
 Chinese,Male,Negeri Sembilan,2025,130.6
 Chinese,Male,Negeri Sembilan,2030,133.6
 Chinese,Male,Negeri Sembilan,2035,135.2
 Chinese,Male,Negeri Sembilan,2040,135.6
 Chinese,Male,Pulau Pinang,2020,356.2
 Chinese,Male,Pulau Pinang,2025,364.3
 Chinese,Male,Pulau Pinang,2030,370.5
 Chinese,Male,Pulau Pinang,2035,374.2
 Chinese,Male,Pulau Pinang,2040,375.7
 Chinese,Male,Perak,2020,375.2
 Chinese,Male,Perak,2025,382.6
 Chinese,Male,Perak,2030,387.8
 Chinese,Male,Perak,2035,390.2
 Chinese,Male,Perak,2040,390.9
 Chinese,Male,Perlis,2020,10.5
 Chinese,Male,Perlis,2025,10.8
 Chinese,Male,Perlis,2030,10.9
 Chinese,Male,Perlis,2035,11
 Chinese,Male,Perlis,2040,11
 Chinese,Male,Selangor,2020,829
 Chinese,Male,Selangor,2025,853.6
 Chinese,Male,Selangor,2030,870.7
 Chinese,Male,Selangor,2035,882.6
 Chinese,Male,Selangor,2040,890.3
 Chinese,Male,Terengganu,2020,16.4
 Chinese,Male,Terengganu,2025,17.2
 Chinese,Male,Terengganu,2030,17.9
 Chinese,Male,Terengganu,2035,18.3
 Chinese,Male,Terengganu,2040,18.6
 Chinese,Male,Sabah,2020,166.4
 Chinese,Male,Sabah,2025,171.8
 Chinese,Male,Sabah,2030,175.6
 Chinese,Male,Sabah,2035,177.7
 Chinese,Male,Sabah,2040,178.3
 Chinese,Male,Sarawak,2020,328.6
 Chinese,Male,Sarawak,2025,340.2
 Chinese,Male,Sarawak,2030,349.3
 Chinese,Male,Sarawak,2035,354.8
 Chinese,Male,Sarawak,2040,356.9
 Chinese,Male,W.P. Kuala Lumpur,2020,350.4
 Chinese,Male,W.P. Kuala Lumpur,2025,355.3
 Chinese,Male,W.P. Kuala Lumpur,2030,359
 Chinese,Male,W.P. Kuala Lumpur,2035,361.6
 Chinese,Male,W.P. Kuala Lumpur,2040,362.4
 Chinese,Male,W.P. Labuan,2020,5.9
 Chinese,Male,W.P. Labuan,2025,6.1
 Chinese,Male,W.P. Labuan,2030,6.3
 Chinese,Male,W.P. Labuan,2035,6.4
 Chinese,Male,W.P. Labuan,2040,6.5
 Chinese,Male,W.P. Putrajaya,2020,0.3
 Chinese,Male,W.P. Putrajaya,2025,0.3
 Chinese,Male,W.P. Putrajaya,2030,0.3
 Chinese,Male,W.P. Putrajaya,2035,0.3
 Chinese,Male,W.P. Putrajaya,2040,0.4
 Indians,Male,Malaysia,2020,1070.8
 Indians,Male,Malaysia,2025,1115
 Indians,Male,Malaysia,2030,1151
 Indians,Male,Malaysia,2035,1176.9
 Indians,Male,Malaysia,2040,1194.1
 Indians,Male,Johor,2020,129.2
 Indians,Male,Johor,2025,136.6
 Indians,Male,Johor,2030,143
 Indians,Male,Johor,2035,148.1
 Indians,Male,Johor,2040,151.9
 Indians,Male,Pahang,2020,34.8
 Indians,Male,Pahang,2025,35.8
 Indians,Male,Pahang,2030,36.7
 Indians,Male,Pahang,2035,37.5
 Indians,Male,Pahang,2040,38
 Indians,Male,Kedah,2020,74.8
 Indians,Male,Kedah,2025,78.5
 Indians,Male,Kedah,2030,81.8
 Indians,Male,Kedah,2035,84.2
 Indians,Male,Kedah,2040,86
 Indians,Male,Kelantan,2020,2.8
 Indians,Male,Kelantan,2025,3
 Indians,Male,Kelantan,2030,3.1
 Indians,Male,Kelantan,2035,3.1
 Indians,Male,Kelantan,2040,3.2
 Indians,Male,Melaka,2020,27.6
 Indians,Male,Melaka,2025,29
 Indians,Male,Melaka,2030,30.2
 Indians,Male,Melaka,2035,31.1
 Indians,Male,Melaka,2040,31.6
 Indians,Male,Negeri Sembilan,2020,81.2
 Indians,Male,Negeri Sembilan,2025,84.6
 Indians,Male,Negeri Sembilan,2030,87.4
 Indians,Male,Negeri Sembilan,2035,89.3
 Indians,Male,Negeri Sembilan,2040,90.6
 Indians,Male,Pulau Pinang,2020,84.7
 Indians,Male,Pulau Pinang,2025,88.3
 Indians,Male,Pulau Pinang,2030,91.2
 Indians,Male,Pulau Pinang,2035,93.2
 Indians,Male,Pulau Pinang,2040,94.4
 Indians,Male,Perak,2020,147.2
 Indians,Male,Perak,2025,150.5
 Indians,Male,Perak,2030,152.9
 Indians,Male,Perak,2035,154.1
 Indians,Male,Perak,2040,154.7
 Indians,Male,Perlis,2020,1.7
 Indians,Male,Perlis,2025,1.8
 Indians,Male,Perlis,2030,1.9
 Indians,Male,Perlis,2035,1.9
 Indians,Male,Perlis,2040,2
 Indians,Male,Selangor,2020,387.7
 Indians,Male,Selangor,2025,404.6
 Indians,Male,Selangor,2030,417.8
 Indians,Male,Selangor,2035,427.2
 Indians,Male,Selangor,2040,433.2
 Indians,Male,Terengganu,2020,1.7
 Indians,Male,Terengganu,2025,1.8
 Indians,Male,Terengganu,2030,1.8
 Indians,Male,Terengganu,2035,1.9
 Indians,Male,Terengganu,2040,1.9
 Indians,Male,Sabah,2020,6.4
 Indians,Male,Sabah,2025,7
 Indians,Male,Sabah,2030,7.7
 Indians,Male,Sabah,2035,8.3
 Indians,Male,Sabah,2040,9
 Indians,Male,Sarawak,2020,4.4
 Indians,Male,Sarawak,2025,4.6
 Indians,Male,Sarawak,2030,4.7
 Indians,Male,Sarawak,2035,4.9
 Indians,Male,Sarawak,2040,4.9
 Indians,Male,W.P. Kuala Lumpur,2020,85.4
 Indians,Male,W.P. Kuala Lumpur,2025,87.7
 Indians,Male,W.P. Kuala Lumpur,2030,89.4
 Indians,Male,W.P. Kuala Lumpur,2035,90.6
 Indians,Male,W.P. Kuala Lumpur,2040,91.1
 Indians,Male,W.P. Labuan,2020,0.5
 Indians,Male,W.P. Labuan,2025,0.5
 Indians,Male,W.P. Labuan,2030,0.6
 Indians,Male,W.P. Labuan,2035,0.6
 Indians,Male,W.P. Labuan,2040,0.7
 Indians,Male,W.P. Putrajaya,2020,0.7
 Indians,Male,W.P. Putrajaya,2025,0.8
 Indians,Male,W.P. Putrajaya,2030,0.9
 Indians,Male,W.P. Putrajaya,2035,1
 Indians,Male,W.P. Putrajaya,2040,1.1
 Others,Male,Malaysia,2020,169.3
 Others,Male,Malaysia,2025,197
 Others,Male,Malaysia,2030,225.5
 Others,Male,Malaysia,2035,255.1
 Others,Male,Malaysia,2040,285.4
 Others,Male,Johor,2020,12.6
 Others,Male,Johor,2025,15.9
 Others,Male,Johor,2030,19.7
 Others,Male,Johor,2035,23.3
 Others,Male,Johor,2040,26.4
 Others,Male,Pahang,2020,4
 Others,Male,Pahang,2025,4.5
 Others,Male,Pahang,2030,5
 Others,Male,Pahang,2035,5.4
 Others,Male,Pahang,2040,5.8
 Others,Male,Kedah,2020,11.3
 Others,Male,Kedah,2025,12.3
 Others,Male,Kedah,2030,13.3
 Others,Male,Kedah,2035,14.3
 Others,Male,Kedah,2040,15.3
 Others,Male,Kelantan,2020,6.5
 Others,Male,Kelantan,2025,7.1
 Others,Male,Kelantan,2030,7.6
 Others,Male,Kelantan,2035,8.1
 Others,Male,Kelantan,2040,8.7
 Others,Male,Melaka,2020,3.2
 Others,Male,Melaka,2025,3.9
 Others,Male,Melaka,2030,4.8
 Others,Male,Melaka,2035,5.7
 Others,Male,Melaka,2040,6.7
 Others,Male,Negeri Sembilan,2020,3.2
 Others,Male,Negeri Sembilan,2025,4.1
 Others,Male,Negeri Sembilan,2030,5.1
 Others,Male,Negeri Sembilan,2035,6.3
 Others,Male,Negeri Sembilan,2040,7.4
 Others,Male,Pulau Pinang,2020,3
 Others,Male,Pulau Pinang,2025,3.5
 Others,Male,Pulau Pinang,2030,4
 Others,Male,Pulau Pinang,2035,4.4
 Others,Male,Pulau Pinang,2040,4.8
 Others,Male,Perak,2020,5
 Others,Male,Perak,2025,5.3
 Others,Male,Perak,2030,5.7
 Others,Male,Perak,2035,6
 Others,Male,Perak,2040,6.3
 Others,Male,Perlis,2020,2.7
 Others,Male,Perlis,2025,3
 Others,Male,Perlis,2030,3.2
 Others,Male,Perlis,2035,3.4
 Others,Male,Perlis,2040,3.7
 Others,Male,Selangor,2020,28.7
 Others,Male,Selangor,2025,34.5
 Others,Male,Selangor,2030,40.3
 Others,Male,Selangor,2035,46.5
 Others,Male,Selangor,2040,53
 Others,Male,Terengganu,2020,1.5
 Others,Male,Terengganu,2025,1.8
 Others,Male,Terengganu,2030,2.1
 Others,Male,Terengganu,2035,2.4
 Others,Male,Terengganu,2040,2.8
 Others,Male,Sabah,2020,70.7
 Others,Male,Sabah,2025,81.2
 Others,Male,Sabah,2030,91.8
 Others,Male,Sabah,2035,102.7
 Others,Male,Sabah,2040,114.2
 Others,Male,Sarawak,2020,4.7
 Others,Male,Sarawak,2025,5.4
 Others,Male,Sarawak,2030,6.1
 Others,Male,Sarawak,2035,6.9
 Others,Male,Sarawak,2040,7.7
 Others,Male,W.P. Kuala Lumpur,2020,11.3
 Others,Male,W.P. Kuala Lumpur,2025,13.5
 Others,Male,W.P. Kuala Lumpur,2030,15.9
 Others,Male,W.P. Kuala Lumpur,2035,18.6
 Others,Male,W.P. Kuala Lumpur,2040,21.4
 Others,Male,W.P. Labuan,2020,0.9
 Others,Male,W.P. Labuan,2025,0.9
 Others,Male,W.P. Labuan,2030,1
 Others,Male,W.P. Labuan,2035,1.1
 Others,Male,W.P. Labuan,2040,1.1
 Others,Male,W.P. Putrajaya,2020,0.1
 Others,Male,W.P. Putrajaya,2025,0.1
 Others,Male,W.P. Putrajaya,2030,0.1
 Others,Male,W.P. Putrajaya,2035,0.1
 Others,Male,W.P. Putrajaya,2040,0.1
 Non-Malaysian Citizens,Male,Malaysia,2020,2063.5
 Non-Malaysian Citizens,Male,Malaysia,2025,2218.1
 Non-Malaysian Citizens,Male,Malaysia,2030,2357
 Non-Malaysian Citizens,Male,Malaysia,2035,2489.4
 Non-Malaysian Citizens,Male,Malaysia,2040,2610.9
 Non-Malaysian Citizens,Male,Johor,2020,242.8
 Non-Malaysian Citizens,Male,Johor,2025,262.7
 Non-Malaysian Citizens,Male,Johor,2030,278.4
 Non-Malaysian Citizens,Male,Johor,2035,292.1
 Non-Malaysian Citizens,Male,Johor,2040,303
 Non-Malaysian Citizens,Male,Pahang,2020,84.4
 Non-Malaysian Citizens,Male,Pahang,2025,90.1
 Non-Malaysian Citizens,Male,Pahang,2030,95.2
 Non-Malaysian Citizens,Male,Pahang,2035,100
 Non-Malaysian Citizens,Male,Pahang,2040,104.4
 Non-Malaysian Citizens,Male,Kedah,2020,65
 Non-Malaysian Citizens,Male,Kedah,2025,69.4
 Non-Malaysian Citizens,Male,Kedah,2030,73.7
 Non-Malaysian Citizens,Male,Kedah,2035,78
 Non-Malaysian Citizens,Male,Kedah,2040,82.2
 Non-Malaysian Citizens,Male,Kelantan,2020,30.4
 Non-Malaysian Citizens,Male,Kelantan,2025,32.9
 Non-Malaysian Citizens,Male,Kelantan,2030,34.9
 Non-Malaysian Citizens,Male,Kelantan,2035,36.7
 Non-Malaysian Citizens,Male,Kelantan,2040,38.2
 Non-Malaysian Citizens,Male,Melaka,2020,33.1
 Non-Malaysian Citizens,Male,Melaka,2025,35.9
 Non-Malaysian Citizens,Male,Melaka,2030,38.5
 Non-Malaysian Citizens,Male,Melaka,2035,41.1
 Non-Malaysian Citizens,Male,Melaka,2040,43.5
 Non-Malaysian Citizens,Male,Negeri Sembilan,2020,60
 Non-Malaysian Citizens,Male,Negeri Sembilan,2025,65.2
 Non-Malaysian Citizens,Male,Negeri Sembilan,2030,70.1
 Non-Malaysian Citizens,Male,Negeri Sembilan,2035,75
 Non-Malaysian Citizens,Male,Negeri Sembilan,2040,79.7
 Non-Malaysian Citizens,Male,Pulau Pinang,2020,83.6
 Non-Malaysian Citizens,Male,Pulau Pinang,2025,89.5
 Non-Malaysian Citizens,Male,Pulau Pinang,2030,95.1
 Non-Malaysian Citizens,Male,Pulau Pinang,2035,100.6
 Non-Malaysian Citizens,Male,Pulau Pinang,2040,105.9
 Non-Malaysian Citizens,Male,Perak,2020,69.9
 Non-Malaysian Citizens,Male,Perak,2025,74.6
 Non-Malaysian Citizens,Male,Perak,2030,78.9
 Non-Malaysian Citizens,Male,Perak,2035,83.2
 Non-Malaysian Citizens,Male,Perak,2040,87.3
 Non-Malaysian Citizens,Male,Perlis,2020,3.8
 Non-Malaysian Citizens,Male,Perlis,2025,4.1
 Non-Malaysian Citizens,Male,Perlis,2030,4.3
 Non-Malaysian Citizens,Male,Perlis,2035,4.5
 Non-Malaysian Citizens,Male,Perlis,2040,4.7
 Non-Malaysian Citizens,Male,Selangor,2020,428.6
 Non-Malaysian Citizens,Male,Selangor,2025,467.8
 Non-Malaysian Citizens,Male,Selangor,2030,504.4
 Non-Malaysian Citizens,Male,Selangor,2035,539.8
 Non-Malaysian Citizens,Male,Selangor,2040,573.3
 Non-Malaysian Citizens,Male,Terengganu,2020,20.3
 Non-Malaysian Citizens,Male,Terengganu,2025,22.2
 Non-Malaysian Citizens,Male,Terengganu,2030,23.9
 Non-Malaysian Citizens,Male,Terengganu,2035,25.5
 Non-Malaysian Citizens,Male,Terengganu,2040,26.9
 Non-Malaysian Citizens,Male,Sabah,2020,658.5
 Non-Malaysian Citizens,Male,Sabah,2025,700.4
 Non-Malaysian Citizens,Male,Sabah,2030,737
 Non-Malaysian Citizens,Male,Sabah,2035,771.5
 Non-Malaysian Citizens,Male,Sabah,2040,802.4
 Non-Malaysian Citizens,Male,Sarawak,2020,129.4
 Non-Malaysian Citizens,Male,Sarawak,2025,137.3
 Non-Malaysian Citizens,Male,Sarawak,2030,145.2
 Non-Malaysian Citizens,Male,Sarawak,2035,153
 Non-Malaysian Citizens,Male,Sarawak,2040,160.8
 Non-Malaysian Citizens,Male,W.P. Kuala Lumpur,2020,147.6
 Non-Malaysian Citizens,Male,W.P. Kuala Lumpur,2025,159.4
 Non-Malaysian Citizens,Male,W.P. Kuala Lumpur,2030,170.4
 Non-Malaysian Citizens,Male,W.P. Kuala Lumpur,2035,181.1
 Non-Malaysian Citizens,Male,W.P. Kuala Lumpur,2040,191.3
 Non-Malaysian Citizens,Male,W.P. Labuan,2020,4.8
 Non-Malaysian Citizens,Male,W.P. Labuan,2025,5.1
 Non-Malaysian Citizens,Male,W.P. Labuan,2030,5.4
 Non-Malaysian Citizens,Male,W.P. Labuan,2035,5.6
 Non-Malaysian Citizens,Male,W.P. Labuan,2040,5.7
 Non-Malaysian Citizens,Male,W.P. Putrajaya,2020,1.4
 Non-Malaysian Citizens,Male,W.P. Putrajaya,2025,1.5
 Non-Malaysian Citizens,Male,W.P. Putrajaya,2030,1.6
 Non-Malaysian Citizens,Male,W.P. Putrajaya,2035,1.6
 Non-Malaysian Citizens,Male,W.P. Putrajaya,2040,1.7
 Total Ethnic Group,Female,Malaysia,2020,16246.6
 Total Ethnic Group,Female,Malaysia,2025,17320.6
 Total Ethnic Group,Female,Malaysia,2030,18297.6
 Total Ethnic Group,Female,Malaysia,2035,19166.2
 Total Ethnic Group,Female,Malaysia,2040,19940.5
 Total Ethnic Group,Female,Johor,2020,1843
 Total Ethnic Group,Female,Johor,2025,1964.9
 Total Ethnic Group,Female,Johor,2030,2072.9
 Total Ethnic Group,Female,Johor,2035,2163.5
 Total Ethnic Group,Female,Johor,2040,2235.9
 Total Ethnic Group,Female,Pahang,2020,816.7
 Total Ethnic Group,Female,Pahang,2025,871.9
 Total Ethnic Group,Female,Pahang,2030,919.9
 Total Ethnic Group,Female,Pahang,2035,959.4
 Total Ethnic Group,Female,Pahang,2040,990.8
 Total Ethnic Group,Female,Kedah,2020,1114.1
 Total Ethnic Group,Female,Kedah,2025,1189
 Total Ethnic Group,Female,Kedah,2030,1256.1
 Total Ethnic Group,Female,Kedah,2035,1311.1
 Total Ethnic Group,Female,Kedah,2040,1357.3
 Total Ethnic Group,Female,Kelantan,2020,966.5
 Total Ethnic Group,Female,Kelantan,2025,1060.3
 Total Ethnic Group,Female,Kelantan,2030,1155.2
 Total Ethnic Group,Female,Kelantan,2035,1247.5
 Total Ethnic Group,Female,Kelantan,2040,1340.1
 Total Ethnic Group,Female,Melaka,2020,472.3
 Total Ethnic Group,Female,Melaka,2025,501.4
 Total Ethnic Group,Female,Melaka,2030,525.6
 Total Ethnic Group,Female,Melaka,2035,545.2
 Total Ethnic Group,Female,Melaka,2040,561.8
 Total Ethnic Group,Female,Negeri Sembilan,2020,556.8
 Total Ethnic Group,Female,Negeri Sembilan,2025,579.2
 Total Ethnic Group,Female,Negeri Sembilan,2030,597.3
 Total Ethnic Group,Female,Negeri Sembilan,2035,610.2
 Total Ethnic Group,Female,Negeri Sembilan,2040,618.4
 Total Ethnic Group,Female,Pulau Pinang,2020,894.1
 Total Ethnic Group,Female,Pulau Pinang,2025,939.4
 Total Ethnic Group,Female,Pulau Pinang,2030,978.9
 Total Ethnic Group,Female,Pulau Pinang,2035,1012.1
 Total Ethnic Group,Female,Pulau Pinang,2040,1039.9
 Total Ethnic Group,Female,Perak,2020,1280.9
 Total Ethnic Group,Female,Perak,2025,1329.3
 Total Ethnic Group,Female,Perak,2030,1371
 Total Ethnic Group,Female,Perak,2035,1401.5
 Total Ethnic Group,Female,Perak,2040,1423.4
 Total Ethnic Group,Female,Perlis,2020,133
 Total Ethnic Group,Female,Perlis,2025,138.9
 Total Ethnic Group,Female,Perlis,2030,143.2
 Total Ethnic Group,Female,Perlis,2035,146.1
 Total Ethnic Group,Female,Perlis,2040,148.4
 Total Ethnic Group,Female,Selangor,2020,3199.5
 Total Ethnic Group,Female,Selangor,2025,3425.4
 Total Ethnic Group,Female,Selangor,2030,3627.6
 Total Ethnic Group,Female,Selangor,2035,3818.6
 Total Ethnic Group,Female,Selangor,2040,4002.9
 Total Ethnic Group,Female,Terengganu,2020,630.6
 Total Ethnic Group,Female,Terengganu,2025,690
 Total Ethnic Group,Female,Terengganu,2030,744.5
 Total Ethnic Group,Female,Terengganu,2035,792.1
 Total Ethnic Group,Female,Terengganu,2040,834.7
 Total Ethnic Group,Female,Sabah,2020,1924.2
 Total Ethnic Group,Female,Sabah,2025,2082.4
 Total Ethnic Group,Female,Sabah,2030,2234.1
 Total Ethnic Group,Female,Sabah,2035,2379.2
 Total Ethnic Group,Female,Sabah,2040,2515.5
 Total Ethnic Group,Female,Sarawak,2020,1393.5
 Total Ethnic Group,Female,Sarawak,2025,1488.1
 Total Ethnic Group,Female,Sarawak,2030,1579
 Total Ethnic Group,Female,Sarawak,2035,1660
 Total Ethnic Group,Female,Sarawak,2040,1730.9
 Total Ethnic Group,Female,W.P. Kuala Lumpur,2020,921
 Total Ethnic Group,Female,W.P. Kuala Lumpur,2025,953.4
 Total Ethnic Group,Female,W.P. Kuala Lumpur,2030,979.9
 Total Ethnic Group,Female,W.P. Kuala Lumpur,2035,1002.2
 Total Ethnic Group,Female,W.P. Kuala Lumpur,2040,1019.7
 Total Ethnic Group,Female,W.P. Labuan,2020,50.1
 Total Ethnic Group,Female,W.P. Labuan,2025,53.4
 Total Ethnic Group,Female,W.P. Labuan,2030,56.3
 Total Ethnic Group,Female,W.P. Labuan,2035,59
 Total Ethnic Group,Female,W.P. Labuan,2040,61.2
 Total Ethnic Group,Female,W.P. Putrajaya,2020,50.3
 Total Ethnic Group,Female,W.P. Putrajaya,2025,53.6
 Total Ethnic Group,Female,W.P. Putrajaya,2030,56.3
 Total Ethnic Group,Female,W.P. Putrajaya,2035,58.3
 Total Ethnic Group,Female,W.P. Putrajaya,2040,59.6
 Bumiputera,Female,Malaysia,2020,10412.3
 Bumiputera,Female,Malaysia,2025,11212.4
 Bumiputera,Female,Malaysia,2030,11961.8
 Bumiputera,Female,Malaysia,2035,12644.8
 Bumiputera,Female,Malaysia,2040,13275.7
 Bumiputera,Female,Johor,2020,1063.5
 Bumiputera,Female,Johor,2025,1144.8
 Bumiputera,Female,Johor,2030,1219.6
 Bumiputera,Female,Johor,2035,1285
 Bumiputera,Female,Johor,2040,1341.8
 Bumiputera,Female,Pahang,2020,640.1
 Bumiputera,Female,Pahang,2025,688.4
 Bumiputera,Female,Pahang,2030,730.9
 Bumiputera,Female,Pahang,2035,766.1
 Bumiputera,Female,Pahang,2040,794.7
 Bumiputera,Female,Kedah,2020,856.5
 Bumiputera,Female,Kedah,2025,919.3
 Bumiputera,Female,Kedah,2030,976
 Bumiputera,Female,Kedah,2035,1023
 Bumiputera,Female,Kedah,2040,1063
 Bumiputera,Female,Kelantan,2020,908.9
 Bumiputera,Female,Kelantan,2025,998.4
 Bumiputera,Female,Kelantan,2030,1090
 Bumiputera,Female,Kelantan,2035,1179.7
 Bumiputera,Female,Kelantan,2040,1270.2
 Bumiputera,Female,Melaka,2020,313.3
 Bumiputera,Female,Melaka,2025,335.1
 Bumiputera,Female,Melaka,2030,353.7
 Bumiputera,Female,Melaka,2035,369.4
 Bumiputera,Female,Melaka,2040,383.5
 Bumiputera,Female,Negeri Sembilan,2020,328.4
 Bumiputera,Female,Negeri Sembilan,2025,340.2
 Bumiputera,Female,Negeri Sembilan,2030,349.6
 Bumiputera,Female,Negeri Sembilan,2035,356
 Bumiputera,Female,Negeri Sembilan,2040,359.8
 Bumiputera,Female,Pulau Pinang,2020,382.9
 Bumiputera,Female,Pulau Pinang,2025,411
 Bumiputera,Female,Pulau Pinang,2030,436.4
 Bumiputera,Female,Pulau Pinang,2035,459.5
 Bumiputera,Female,Pulau Pinang,2040,480.9
 Bumiputera,Female,Perak,2020,723.6
 Bumiputera,Female,Perak,2025,757.7
 Bumiputera,Female,Perak,2030,788.8
 Bumiputera,Female,Perak,2035,812.9
 Bumiputera,Female,Perak,2040,831.4
 Bumiputera,Female,Perlis,2020,114
 Bumiputera,Female,Perlis,2025,118.8
 Bumiputera,Female,Perlis,2030,122.2
 Bumiputera,Female,Perlis,2035,124.5
 Bumiputera,Female,Perlis,2040,126.3
 Bumiputera,Female,Selangor,2020,1773.6
 Bumiputera,Female,Selangor,2025,1928.1
 Bumiputera,Female,Selangor,2030,2072.6
 Bumiputera,Female,Selangor,2035,2215
 Bumiputera,Female,Selangor,2040,2358.4
 Bumiputera,Female,Terengganu,2020,601.3
 Bumiputera,Female,Terengganu,2025,658
 Bumiputera,Female,Terengganu,2030,710.2
 Bumiputera,Female,Terengganu,2035,755.9
 Bumiputera,Female,Terengganu,2040,796.8
 Bumiputera,Female,Sabah,2020,1196.9
 Bumiputera,Female,Sabah,2025,1306.7
 Bumiputera,Female,Sabah,2030,1416.1
 Bumiputera,Female,Sabah,2035,1522.3
 Bumiputera,Female,Sabah,2040,1624
 Bumiputera,Female,Sarawak,2020,1021.9
 Bumiputera,Female,Sarawak,2025,1098
 Bumiputera,Female,Sarawak,2030,1171.6
 Bumiputera,Female,Sarawak,2035,1238.2
 Bumiputera,Female,Sarawak,2040,1297.3
 Bumiputera,Female,W.P. Kuala Lumpur,2020,400.7
 Bumiputera,Female,W.P. Kuala Lumpur,2025,415.7
 Bumiputera,Female,W.P. Kuala Lumpur,2030,427
 Bumiputera,Female,W.P. Kuala Lumpur,2035,436.3
 Bumiputera,Female,W.P. Kuala Lumpur,2040,443.6
 Bumiputera,Female,W.P. Labuan,2020,38.8
 Bumiputera,Female,W.P. Labuan,2025,41.4
 Bumiputera,Female,W.P. Labuan,2030,43.8
 Bumiputera,Female,W.P. Labuan,2035,46
 Bumiputera,Female,W.P. Labuan,2040,47.9
 Bumiputera,Female,W.P. Putrajaya,2020,47.6
 Bumiputera,Female,W.P. Putrajaya,2025,50.7
 Bumiputera,Female,W.P. Putrajaya,2030,53.2
 Bumiputera,Female,W.P. Putrajaya,2035,55
 Bumiputera,Female,W.P. Putrajaya,2040,56.1
 Chinese,Female,Malaysia,2020,3380
 Chinese,Female,Malaysia,2025,3487.6
 Chinese,Female,Malaysia,2030,3573.6
 Chinese,Female,Malaysia,2035,3633.8
 Chinese,Female,Malaysia,2040,3671.8
 Chinese,Female,Johor,2020,537.6
 Chinese,Female,Johor,2025,556.5
 Chinese,Female,Johor,2030,572.6
 Chinese,Female,Johor,2035,583.8
 Chinese,Female,Johor,2040,589.9
 Chinese,Female,Pahang,2020,116.7
 Chinese,Female,Pahang,2025,119.8
 Chinese,Female,Pahang,2030,122.3
 Chinese,Female,Pahang,2035,124.1
 Chinese,Female,Pahang,2040,125.3
 Chinese,Female,Kedah,2020,136
 Chinese,Female,Kedah,2025,140.7
 Chinese,Female,Kedah,2030,144.7
 Chinese,Female,Kedah,2035,147.4
 Chinese,Female,Kedah,2040,149.2
 Chinese,Female,Kelantan,2020,28.3
 Chinese,Female,Kelantan,2025,29.9
 Chinese,Female,Kelantan,2030,31.1
 Chinese,Female,Kelantan,2035,32.1
 Chinese,Female,Kelantan,2040,32.9
 Chinese,Female,Melaka,2020,112.2
 Chinese,Female,Melaka,2025,116.2
 Chinese,Female,Melaka,2030,119
 Chinese,Female,Melaka,2035,120.4
 Chinese,Female,Melaka,2040,120.8
 Chinese,Female,Negeri Sembilan,2020,118.2
 Chinese,Female,Negeri Sembilan,2025,122.4
 Chinese,Female,Negeri Sembilan,2030,125.6
 Chinese,Female,Negeri Sembilan,2035,127.5
 Chinese,Female,Negeri Sembilan,2040,128.2
 Chinese,Female,Pulau Pinang,2020,352.2
 Chinese,Female,Pulau Pinang,2025,360.2
 Chinese,Female,Pulau Pinang,2030,366.5
 Chinese,Female,Pulau Pinang,2035,370
 Chinese,Female,Pulau Pinang,2040,371.1
 Chinese,Female,Perak,2020,364.5
 Chinese,Female,Perak,2025,372.6
 Chinese,Female,Perak,2030,378.4
 Chinese,Female,Perak,2035,381.4
 Chinese,Female,Perak,2040,382.3
 Chinese,Female,Perlis,2020,9.6
 Chinese,Female,Perlis,2025,10
 Chinese,Female,Perlis,2030,10.2
 Chinese,Female,Perlis,2035,10.4
 Chinese,Female,Perlis,2040,10.5
 Chinese,Female,Selangor,2020,782.2
 Chinese,Female,Selangor,2025,809.5
 Chinese,Female,Selangor,2030,829.5
 Chinese,Female,Selangor,2035,845
 Chinese,Female,Selangor,2040,857.7
 Chinese,Female,Terengganu,2020,13.8
 Chinese,Female,Terengganu,2025,14.6
 Chinese,Female,Terengganu,2030,15.2
 Chinese,Female,Terengganu,2035,15.7
 Chinese,Female,Terengganu,2040,16.1
 Chinese,Female,Sabah,2020,155.7
 Chinese,Female,Sabah,2025,161.6
 Chinese,Female,Sabah,2030,166.2
 Chinese,Female,Sabah,2035,169.3
 Chinese,Female,Sabah,2040,171.1
 Chinese,Female,Sarawak,2020,311.6
 Chinese,Female,Sarawak,2025,326.1
 Chinese,Female,Sarawak,2030,339.4
 Chinese,Female,Sarawak,2035,350
 Chinese,Female,Sarawak,2040,358.3
 Chinese,Female,W.P. Kuala Lumpur,2020,335.5
 Chinese,Female,W.P. Kuala Lumpur,2025,341.5
 Chinese,Female,W.P. Kuala Lumpur,2030,346.5
 Chinese,Female,W.P. Kuala Lumpur,2035,350
 Chinese,Female,W.P. Kuala Lumpur,2040,351.8
 Chinese,Female,W.P. Labuan,2020,5.6
 Chinese,Female,W.P. Labuan,2025,5.8
 Chinese,Female,W.P. Labuan,2030,6
 Chinese,Female,W.P. Labuan,2035,6.2
 Chinese,Female,W.P. Labuan,2040,6.3
 Chinese,Female,W.P. Putrajaya,2020,0.3
 Chinese,Female,W.P. Putrajaya,2025,0.3
 Chinese,Female,W.P. Putrajaya,2030,0.3
 Chinese,Female,W.P. Putrajaya,2035,0.3
 Chinese,Female,W.P. Putrajaya,2040,0.4
 Indians,Female,Malaysia,2020,1059.4
 Indians,Female,Malaysia,2025,1102.3
 Indians,Female,Malaysia,2030,1137.2
 Indians,Female,Malaysia,2035,1162.2
 Indians,Female,Malaysia,2040,1178.4
 Indians,Female,Johor,2020,122.3
 Indians,Female,Johor,2025,129.4
 Indians,Female,Johor,2030,135.7
 Indians,Female,Johor,2035,140.7
 Indians,Female,Johor,2040,144.6
 Indians,Female,Pahang,2020,33.3
 Indians,Female,Pahang,2025,34.6
 Indians,Female,Pahang,2030,35.7
 Indians,Female,Pahang,2035,36.5
 Indians,Female,Pahang,2040,37
 Indians,Female,Kedah,2020,76.8
 Indians,Female,Kedah,2025,80.4
 Indians,Female,Kedah,2030,83.4
 Indians,Female,Kedah,2035,85.6
 Indians,Female,Kedah,2040,87.1
 Indians,Female,Kelantan,2020,2.4
 Indians,Female,Kelantan,2025,2.6
 Indians,Female,Kelantan,2030,2.8
 Indians,Female,Kelantan,2035,2.9
 Indians,Female,Kelantan,2040,3
 Indians,Female,Melaka,2020,27.4
 Indians,Female,Melaka,2025,28.5
 Indians,Female,Melaka,2030,29.5
 Indians,Female,Melaka,2035,30.1
 Indians,Female,Melaka,2040,30.3
 Indians,Female,Negeri Sembilan,2020,81.2
 Indians,Female,Negeri Sembilan,2025,84.3
 Indians,Female,Negeri Sembilan,2030,86.7
 Indians,Female,Negeri Sembilan,2035,88.2
 Indians,Female,Negeri Sembilan,2040,89
 Indians,Female,Pulau Pinang,2020,88.5
 Indians,Female,Pulau Pinang,2025,92.3
 Indians,Female,Pulau Pinang,2030,95.4
 Indians,Female,Pulau Pinang,2035,97.4
 Indians,Female,Pulau Pinang,2040,98.4
 Indians,Female,Perak,2020,153.1
 Indians,Female,Perak,2025,156.4
 Indians,Female,Perak,2030,158.7
 Indians,Female,Perak,2035,160
 Indians,Female,Perak,2040,160.5
 Indians,Female,Perlis,2020,1.6
 Indians,Female,Perlis,2025,1.7
 Indians,Female,Perlis,2030,1.7
 Indians,Female,Perlis,2035,1.8
 Indians,Female,Perlis,2040,1.8
 Indians,Female,Selangor,2020,377.3
 Indians,Female,Selangor,2025,393.6
 Indians,Female,Selangor,2030,406.7
 Indians,Female,Selangor,2035,416.2
 Indians,Female,Selangor,2040,422.6
 Indians,Female,Terengganu,2020,1.3
 Indians,Female,Terengganu,2025,1.3
 Indians,Female,Terengganu,2030,1.4
 Indians,Female,Terengganu,2035,1.4
 Indians,Female,Terengganu,2040,1.4
 Indians,Female,Sabah,2020,5.4
 Indians,Female,Sabah,2025,6
 Indians,Female,Sabah,2030,6.7
 Indians,Female,Sabah,2035,7.3
 Indians,Female,Sabah,2040,8
 Indians,Female,Sarawak,2020,3.9
 Indians,Female,Sarawak,2025,4.1
 Indians,Female,Sarawak,2030,4.2
 Indians,Female,Sarawak,2035,4.4
 Indians,Female,Sarawak,2040,4.4
 Indians,Female,W.P. Kuala Lumpur,2020,83.7
 Indians,Female,W.P. Kuala Lumpur,2025,85.8
 Indians,Female,W.P. Kuala Lumpur,2030,87.3
 Indians,Female,W.P. Kuala Lumpur,2035,88.3
 Indians,Female,W.P. Kuala Lumpur,2040,88.7
 Indians,Female,W.P. Labuan,2020,0.4
 Indians,Female,W.P. Labuan,2025,0.4
 Indians,Female,W.P. Labuan,2030,0.5
 Indians,Female,W.P. Labuan,2035,0.5
 Indians,Female,W.P. Labuan,2040,0.6
 Indians,Female,W.P. Putrajaya,2020,0.7
 Indians,Female,W.P. Putrajaya,2025,0.8
 Indians,Female,W.P. Putrajaya,2030,0.9
 Indians,Female,W.P. Putrajaya,2035,1
 Indians,Female,W.P. Putrajaya,2040,1.1
 Others,Female,Malaysia,2020,160.9
 Others,Female,Malaysia,2025,187.3
 Others,Female,Malaysia,2030,214.8
 Others,Female,Malaysia,2035,243.5
 Others,Female,Malaysia,2040,273.1
 Others,Female,Johor,2020,11.6
 Others,Female,Johor,2025,15
 Others,Female,Johor,2030,18.7
 Others,Female,Johor,2035,22.3
 Others,Female,Johor,2040,25.5
 Others,Female,Pahang,2020,3.7
 Others,Female,Pahang,2025,4.2
 Others,Female,Pahang,2030,4.7
 Others,Female,Pahang,2035,5.2
 Others,Female,Pahang,2040,5.6
 Others,Female,Kedah,2020,11.2
 Others,Female,Kedah,2025,12.3
 Others,Female,Kedah,2030,13.3
 Others,Female,Kedah,2035,14.3
 Others,Female,Kedah,2040,15.3
 Others,Female,Kelantan,2020,5.6
 Others,Female,Kelantan,2025,6.1
 Others,Female,Kelantan,2030,6.5
 Others,Female,Kelantan,2035,7
 Others,Female,Kelantan,2040,7.5
 Others,Female,Melaka,2020,3.1
 Others,Female,Melaka,2025,3.8
 Others,Female,Melaka,2030,4.6
 Others,Female,Melaka,2035,5.5
 Others,Female,Melaka,2040,6.6
 Others,Female,Negeri Sembilan,2020,2.9
 Others,Female,Negeri Sembilan,2025,3.7
 Others,Female,Negeri Sembilan,2030,4.7
 Others,Female,Negeri Sembilan,2035,5.8
 Others,Female,Negeri Sembilan,2040,6.9
 Others,Female,Pulau Pinang,2020,3.1
 Others,Female,Pulau Pinang,2025,3.4
 Others,Female,Pulau Pinang,2030,3.8
 Others,Female,Pulau Pinang,2035,4.2
 Others,Female,Pulau Pinang,2040,4.6
 Others,Female,Perak,2020,5.1
 Others,Female,Perak,2025,5.5
 Others,Female,Perak,2030,5.9
 Others,Female,Perak,2035,6.2
 Others,Female,Perak,2040,6.5
 Others,Female,Perlis,2020,2.7
 Others,Female,Perlis,2025,3
 Others,Female,Perlis,2030,3.2
 Others,Female,Perlis,2035,3.4
 Others,Female,Perlis,2040,3.6
 Others,Female,Selangor,2020,26.4
 Others,Female,Selangor,2025,31.7
 Others,Female,Selangor,2030,37
 Others,Female,Selangor,2035,42.7
 Others,Female,Selangor,2040,49
 Others,Female,Terengganu,2020,1.4
 Others,Female,Terengganu,2025,1.6
 Others,Female,Terengganu,2030,1.9
 Others,Female,Terengganu,2035,2.2
 Others,Female,Terengganu,2040,2.5
 Others,Female,Sabah,2020,68
 Others,Female,Sabah,2025,78.3
 Others,Female,Sabah,2030,88.7
 Others,Female,Sabah,2035,99.4
 Others,Female,Sabah,2040,110.9
 Others,Female,Sarawak,2020,4.5
 Others,Female,Sarawak,2025,5.1
 Others,Female,Sarawak,2030,5.8
 Others,Female,Sarawak,2035,6.5
 Others,Female,Sarawak,2040,7.3
 Others,Female,W.P. Kuala Lumpur,2020,10.5
 Others,Female,W.P. Kuala Lumpur,2025,12.6
 Others,Female,W.P. Kuala Lumpur,2030,14.9
 Others,Female,W.P. Kuala Lumpur,2035,17.4
 Others,Female,W.P. Kuala Lumpur,2040,20.1
 Others,Female,W.P. Labuan,2020,0.8
 Others,Female,W.P. Labuan,2025,0.9
 Others,Female,W.P. Labuan,2030,1
 Others,Female,W.P. Labuan,2035,1
 Others,Female,W.P. Labuan,2040,1.1
 Others,Female,W.P. Putrajaya,2020,0.1
 Others,Female,W.P. Putrajaya,2025,0.1
 Others,Female,W.P. Putrajaya,2030,0.1
 Others,Female,W.P. Putrajaya,2035,0.1
 Others,Female,W.P. Putrajaya,2040,0.2
 Non-Malaysian Citizens,Female,Malaysia,2020,1234.1
 Non-Malaysian Citizens,Female,Malaysia,2025,1330.9
 Non-Malaysian Citizens,Female,Malaysia,2030,1410.2
 Non-Malaysian Citizens,Female,Malaysia,2035,1481.9
 Non-Malaysian Citizens,Female,Malaysia,2040,1541.5
 Non-Malaysian Citizens,Female,Johor,2020,108
 Non-Malaysian Citizens,Female,Johor,2025,119.2
 Non-Malaysian Citizens,Female,Johor,2030,126.3
 Non-Malaysian Citizens,Female,Johor,2035,131.6
 Non-Malaysian Citizens,Female,Johor,2040,134.2
 Non-Malaysian Citizens,Female,Pahang,2020,22.8
 Non-Malaysian Citizens,Female,Pahang,2025,24.9
 Non-Malaysian Citizens,Female,Pahang,2030,26.3
 Non-Malaysian Citizens,Female,Pahang,2035,27.5
 Non-Malaysian Citizens,Female,Pahang,2040,28.3
 Non-Malaysian Citizens,Female,Kedah,2020,33.5
 Non-Malaysian Citizens,Female,Kedah,2025,36.3
 Non-Malaysian Citizens,Female,Kedah,2030,38.7
 Non-Malaysian Citizens,Female,Kedah,2035,40.8
 Non-Malaysian Citizens,Female,Kedah,2040,42.7
 Non-Malaysian Citizens,Female,Kelantan,2020,21.2
 Non-Malaysian Citizens,Female,Kelantan,2025,23.3
 Non-Malaysian Citizens,Female,Kelantan,2030,24.7
 Non-Malaysian Citizens,Female,Kelantan,2035,25.8
 Non-Malaysian Citizens,Female,Kelantan,2040,26.5
 Non-Malaysian Citizens,Female,Melaka,2020,16.3
 Non-Malaysian Citizens,Female,Melaka,2025,17.7
 Non-Malaysian Citizens,Female,Melaka,2030,18.9
 Non-Malaysian Citizens,Female,Melaka,2035,19.9
 Non-Malaysian Citizens,Female,Melaka,2040,20.7
 Non-Malaysian Citizens,Female,Negeri Sembilan,2020,26.1
 Non-Malaysian Citizens,Female,Negeri Sembilan,2025,28.6
 Non-Malaysian Citizens,Female,Negeri Sembilan,2030,30.7
 Non-Malaysian Citizens,Female,Negeri Sembilan,2035,32.7
 Non-Malaysian Citizens,Female,Negeri Sembilan,2040,34.4
 Non-Malaysian Citizens,Female,Pulau Pinang,2020,67.3
 Non-Malaysian Citizens,Female,Pulau Pinang,2025,72.3
 Non-Malaysian Citizens,Female,Pulau Pinang,2030,76.8
 Non-Malaysian Citizens,Female,Pulau Pinang,2035,81
 Non-Malaysian Citizens,Female,Pulau Pinang,2040,84.9
 Non-Malaysian Citizens,Female,Perak,2020,34.5
 Non-Malaysian Citizens,Female,Perak,2025,37.1
 Non-Malaysian Citizens,Female,Perak,2030,39.2
 Non-Malaysian Citizens,Female,Perak,2035,41.1
 Non-Malaysian Citizens,Female,Perak,2040,42.6
 Non-Malaysian Citizens,Female,Perlis,2020,5
 Non-Malaysian Citizens,Female,Perlis,2025,5.5
 Non-Malaysian Citizens,Female,Perlis,2030,5.8
 Non-Malaysian Citizens,Female,Perlis,2035,6.1
 Non-Malaysian Citizens,Female,Perlis,2040,6.2
 Non-Malaysian Citizens,Female,Selangor,2020,240
 Non-Malaysian Citizens,Female,Selangor,2025,262.5
 Non-Malaysian Citizens,Female,Selangor,2030,281.8
 Non-Malaysian Citizens,Female,Selangor,2035,299.6
 Non-Malaysian Citizens,Female,Selangor,2040,315.2
 Non-Malaysian Citizens,Female,Terengganu,2020,12.8
 Non-Malaysian Citizens,Female,Terengganu,2025,14.4
 Non-Malaysian Citizens,Female,Terengganu,2030,15.7
 Non-Malaysian Citizens,Female,Terengganu,2035,16.9
 Non-Malaysian Citizens,Female,Terengganu,2040,17.8
 Non-Malaysian Citizens,Female,Sabah,2020,498.2
 Non-Malaysian Citizens,Female,Sabah,2025,529.9
 Non-Malaysian Citizens,Female,Sabah,2030,556.4
 Non-Malaysian Citizens,Female,Sabah,2035,580.8
 Non-Malaysian Citizens,Female,Sabah,2040,601.5
 Non-Malaysian Citizens,Female,Sarawak,2020,51.7
 Non-Malaysian Citizens,Female,Sarawak,2025,54.9
 Non-Malaysian Citizens,Female,Sarawak,2030,58
 Non-Malaysian Citizens,Female,Sarawak,2035,60.9
 Non-Malaysian Citizens,Female,Sarawak,2040,63.6
 Non-Malaysian Citizens,Female,W.P. Kuala Lumpur,2020,90.5
 Non-Malaysian Citizens,Female,W.P. Kuala Lumpur,2025,97.8
 Non-Malaysian Citizens,Female,W.P. Kuala Lumpur,2030,104.2
 Non-Malaysian Citizens,Female,W.P. Kuala Lumpur,2035,110.2
 Non-Malaysian Citizens,Female,W.P. Kuala Lumpur,2040,115.6
 Non-Malaysian Citizens,Female,W.P. Labuan,2020,4.4
 Non-Malaysian Citizens,Female,W.P. Labuan,2025,4.8
 Non-Malaysian Citizens,Female,W.P. Labuan,2030,5
 Non-Malaysian Citizens,Female,W.P. Labuan,2035,5.2
 Non-Malaysian Citizens,Female,W.P. Labuan,2040,5.3
 Non-Malaysian Citizens,Female,W.P. Putrajaya,2020,1.6
 Non-Malaysian Citizens,Female,W.P. Putrajaya,2025,1.7
 Non-Malaysian Citizens,Female,W.P. Putrajaya,2030,1.8
 Non-Malaysian Citizens,Female,W.P. Putrajaya,2035,1.9
 Non-Malaysian Citizens,Female,W.P. Putrajaya,2040,2
